imagen,numero_serie
Cilindro_001/1.Frontal/IMG_20260903_145645.jpg,21S491074
Cilindro_001/2.Diagonal/IMG_20260903_145740.jpg,21S491074
Cilindro_001/3.Cerca/IMG_20260903_145818.jpg,21S491074
Cilindro_001/4.Lejos/IMG_20260903_145852.jpg,21S491074
Cilindro_001/5.Luz normal/IMG_20260903_145925.jpg,21S491074
Cilindro_001/6.Poca luz/IMG_20260903_145913.jpg,21S491074
Cilindro_002/1.Frontal/IMG_20260903_150719.jpg,19S206055
Cilindro_002/2.Diagonal/IMG_20260903_150733.jpg,19S206055
Cilindro_002/3.Cerca/IMG_20260903_150814.jpg,19S206055
Cilindro_002/4.Lejos/IMG_20260903_150818.jpg,19S206055
Cilindro_002/5.Luz normal/IMG_20260903_150826.jpg,19S206055
Cilindro_002/6.Poca luz/IMG_20260903_150833.jpg,19S206055
Cilindro_003/1.Frontal/IMG_20260903_151807.jpg,20S297152
Cilindro_003/2.Diagonal/IMG_20260903_151824.jpg,20S297152
Cilindro_003/3.Cerca/IMG_20260903_151833.jpg,20S297152
Cilindro_003/4.Lejos/IMG_20260903_151839.jpg,20S297152
Cilindro_003/5.Luz normal/IMG_20260903_151853.jpg,20S297152
Cilindro_003/6.Poca luz/IMG_20260903_151905.jpg,20S297152
Cilindro_004/1.Frontal/IMG_20260903_152337.jpg,21S491131
Cilindro_004/2.Diagonal/IMG_20260903_152410.jpg,21S491131
Cilindro_004/3.Cerca/IMG_20260903_152427.jpg,21S491131
Cilindro_004/4.Lejos/IMG_20260903_152434.jpg,21S491131
Cilindro_004/5.Luz normal/IMG_20260903_152457.jpg,21S491131
Cilindro_004/6.Poca luz/IMG_20260903_152507.jpg,21S491131
Cilindro_005/1.Frontal/IMG_20260903_152953.jpg,21S062014
Cilindro_005/2.Diagonal/IMG_20260903_153050.jpg,21S062014
Cilindro_005/3.Cerca/IMG_20260903_153055.jpg,21S062014
Cilindro_005/4.Lejos/IMG_20260903_153100.jpg,21S062014
Cilindro_005/5.Luz normal/IMG_20260903_153105.jpg,21S062014
Cilindro_005/6.Poca luz/IMG_20260903_153109.jpg,21S062014
Cilindro_006/1.Frontal/IMG_20260903_153426.jpg,LEE5172
Cilindro_006/2.Diagonal/IMG_20260903_153435.jpg,LEE5172
Cilindro_006/3.Cerca/IMG_20260903_153443.jpg,LEE5172
Cilindro_006/4.Lejos/IMG_20260903_153455.jpg,LEE5172
Cilindro_006/5.Luz normal/IMG_20260903_153503.jpg,LEE5172
Cilindro_006/6.Poca luz/IMG_20260903_153507.jpg,LEE5172
Cilindro_007/1.Frontal/IMG_20260903_153730.jpg,N429153
Cilindro_007/2.Diagonal/IMG_20260903_153737.jpg,N429153
Cilindro_007/3.Cerca/IMG_20260903_153752.jpg,N429153
Cilindro_007/4.Lejos/IMG_20260903_153759.jpg,N429153
Cilindro_007/5.Luz normal/IMG_20260903_153835.jpg,N429153
Cilindro_007/6.Poca luz/IMG_20260903_153840.jpg,N429153
Cilindro_008/1.Frontal/IMG_20260903_154202.jpg,21S062189
Cilindro_008/2.Diagonal/IMG_20260903_154213.jpg,21S062189
Cilindro_008/3.Cerca/IMG_20260903_154231.jpg,21S062189
Cilindro_008/4.Lejos/IMG_20260903_154239.jpg,21S062189
Cilindro_008/5.Luz normal/IMG_20260903_154246.jpg,21S062189
Cilindro_008/6.Poca luz/IMG_20260903_154252.jpg,21S062189
Cilindro_009/1.Frontal/IMG_20260903_154510.jpg,21S061102
Cilindro_009/2.Diagonal/IMG_20260903_154517.jpg,21S061102
Cilindro_009/3.Cerca/IMG_20260903_154550.jpg,21S061102
Cilindro_009/4.Lejos/IMG_20260903_154603.jpg,21S061102
Cilindro_009/5.Luz normal/IMG_20260903_154621.jpg,21S061102
Cilindro_009/6.Poca luz/IMG_20260903_154628.jpg,21S061102
Cilindro_010/1.Frontal/IMG_20260903_155319.jpg,21K794123
Cilindro_010/2.Diagonal/IMG_20260903_155330.jpg,21K794123
Cilindro_010/3.Cerca/IMG_20260903_155346.jpg,21K794123
Cilindro_010/4.Lejos/IMG_20260903_155354.jpg,21K794123
Cilindro_010/5.Luz normal/IMG_20260903_155400.jpg,21K794123
Cilindro_010/6.Poca luz/IMG_20260903_155406.jpg,21K794123
Cilindro_011/1.Frontal/IMG_20260903_155624.jpg,21K435151
Cilindro_011/2.Diagonal/IMG_20260903_155634.jpg,21K435151
Cilindro_011/3.Cerca/IMG_20260903_155641.jpg,21K435151
Cilindro_011/4.Lejos/IMG_20260903_155649.jpg,21K435151
Cilindro_011/5.Luz normal/IMG_20260903_155655.jpg,21K435151
Cilindro_011/6.Poca luz/IMG_20260903_155704.jpg,21K435151
Cilindro_012/1.Frontal/IMG_20260903_160032.jpg,K5732159
Cilindro_012/2.Diagonal/IMG_20260903_160042.jpg,K5732159
Cilindro_012/3.Cerca/IMG_20260903_160104.jpg,K5732159
Cilindro_012/4.Lejos/IMG_20260903_160110.jpg,K5732159
Cilindro_012/5.Luz normal/IMG_20260903_160118.jpg,K5732159
Cilindro_012/6.Poca luz/IMG_20260903_160124.jpg,K5732159
Cilindro_013/1.Frontal/IMG_20260903_160440.jpg,20K622093
Cilindro_013/2.Diagonal/IMG_20260903_160450.jpg,20K622093
Cilindro_013/3.Cerca/IMG_20260903_160526.jpg,20K622093
Cilindro_013/4.Lejos/IMG_20260903_160533.jpg,20K622093
Cilindro_013/5.Luz normal/IMG_20260903_160537.jpg,20K622093
Cilindro_013/6.Poca luz/IMG_20260903_160547.jpg,20K622093
Cilindro_014/1.Frontal/IMG_20260903_160947.jpg,21K622173
Cilindro_014/2.Diagonal/IMG_20260903_160955.jpg,21K622173
Cilindro_014/3.Cerca/IMG_20260903_161005.jpg,21K622173
Cilindro_014/4.Lejos/IMG_20260903_161015.jpg,21K622173
Cilindro_014/5.Luz normal/IMG_20260903_161015.jpg,21K622173
Cilindro_014/6.Poca luz/IMG_20260903_161020.jpg,21K622173
Cilindro_015/1.Frontal/IMG_20260903_161258.jpg,20640
Cilindro_015/2.Diagonal/IMG_20260903_161311.jpg,20640
Cilindro_015/3.Cerca/IMG_20260903_161319.jpg,20640
Cilindro_015/4.Lejos/IMG_20260903_161326.jpg,20640
Cilindro_015/5.Luz normal/IMG_20260903_161333.jpg,20640
Cilindro_015/6.Poca luz/IMG_20260903_161339.jpg,20640
Cilindro_016/1.Frontal/IMG_20260903_161633.jpg,Y7859021
Cilindro_016/2.Diagonal/IMG_20260903_161640.jpg,Y7859021
Cilindro_016/3.Cerca/IMG_20260903_161657.jpg,Y7859021
Cilindro_016/4.Lejos/IMG_20260903_161707.jpg,Y7859021
Cilindro_016/5.Luz normal/IMG_20260903_161717.jpg,Y7859021
Cilindro_016/6.Poca luz/IMG_20260903_161721.jpg,Y7859021
Cilindro_017/1.Frontal/IMG_20260903_162058.jpg,21K435018
Cilindro_017/2.Diagonal/IMG_20260903_162105.jpg,21K435018
Cilindro_017/3.Cerca/IMG_20260903_162116.jpg,21K435018
Cilindro_017/4.Lejos/IMG_20260903_162131.jpg,21K435018
Cilindro_017/5.Luz normal/IMG_20260903_162141.jpg,21K435018
Cilindro_017/6.Poca luz/IMG_20260903_162147.jpg,21K435018
Cilindro_018/1.Frontal/IMG_20260903_162435.jpg,26K013037
Cilindro_018/2.Diagonal/IMG_20260903_162445.jpg,26K013037
Cilindro_018/3.Cerca/IMG_20260903_162537.jpg,26K013037
Cilindro_018/4.Lejos/IMG_20260903_162545.jpg,26K013037
Cilindro_018/5.Luz normal/IMG_20260903_162552.jpg,26K013037
Cilindro_018/6.Poca luz/IMG_20260903_162556.jpg,26K013037
Cilindro_019/1.Frontal/IMG_20260903_163035.jpg,26K013003
Cilindro_019/2.Diagonal/IMG_20260903_163041.jpg,26K013003
Cilindro_019/3.Cerca/IMG_20260903_163050.jpg,26K013003
Cilindro_019/4.Lejos/IMG_20260903_163055.jpg,26K013003
Cilindro_019/5.Luz normal/IMG_20260903_163100.jpg,26K013003
Cilindro_019/6.Poca luz/IMG_20260903_163104.jpg,26K013003
Cilindro_020/1.Frontal/IMG_20260903_163753.jpg,26K013026
Cilindro_020/2.Diagonal/IMG_20260903_163800.jpg,26K013026
Cilindro_020/3.Cerca/IMG_20260903_163941.jpg,26K013026
Cilindro_020/5.Luz normal/IMG_20260903_164038.jpg,26K013026
Cilindro_020/6.Poca luz/IMG_20260903_164042.jpg,26K013026
Cilindro_021/1.Frontal/IMG_20260903_164907.jpg,G1354044
Cilindro_021/2.Diagonal/IMG_20260903_164913.jpg,G1354044
Cilindro_021/3.Cerca/IMG_20260903_164920.jpg,G1354044
Cilindro_021/4.Lejos/IMG_20260903_164924.jpg,G1354044
Cilindro_021/5.Luz normal/IMG_20260903_164934.jpg,G1354044
Cilindro_021/6.Poca luz/IMG_20260903_164938.jpg,G1354044
Cilindro_022/1.Frontal/IMG_20260903_181256.jpg,Y4523012
Cilindro_022/2.Diagonal/IMG_20260903_181311.jpg,Y4523012
Cilindro_022/3.Cerca/IMG_20260903_181321.jpg,Y4523012
Cilindro_022/4.Lejos/IMG_20260903_181338.jpg,Y4523012
Cilindro_022/5.Luz normal/IMG_20260903_181343.jpg,Y4523012
Cilindro_022/6.Poca luz/IMG_20260903_181346.jpg,Y4523012
Cilindro_023/1.Frontal/IMG_20260904_093419.jpg,26K010085
Cilindro_023/2.Diagonal/IMG_20260904_093423.jpg,26K010085
Cilindro_023/3.Cerca/IMG_20260904_093442.jpg,26K010085
Cilindro_023/4.Lejos/IMG_20260904_093449.jpg,26K010085
Cilindro_023/5.Luz normal/IMG_20260904_093454.jpg,26K010085
Cilindro_023/6.Poca luz/IMG_20260904_093459.jpg,26K010085
Cilindro_024/1.Frontal/IMG_20260904_095234.jpg,25K908072
Cilindro_024/2.Diagonal/IMG_20260904_095241.jpg,25K908072
Cilindro_024/3.Cerca/IMG_20260904_095332.jpg,25K908072
Cilindro_024/4.Lejos/IMG_20260904_095347.jpg,25K908072
Cilindro_024/5.Luz normal/IMG_20260904_095353.jpg,25K908072
Cilindro_024/6.Poca luz/IMG_20260904_095423.jpg,25K908072
Cilindro_025/1.Frontal/IMG-20260904-WA0004.jpg,26K013072
Cilindro_025/2.Diagonal/IMG-20260904-WA0007.jpg,26K013072
Cilindro_025/3.Cerca/IMG-20260904-WA0006.jpg,26K013072
Cilindro_025/4.Lejos/IMG-20260904-WA0009.jpg,26K013072
Cilindro_025/5.Luz normal/IMG-20260904-WA0008.jpg,26K013072
Cilindro_025/6.Poca luz/IMG-20260904-WA0005.jpg,26K013072
Cilindro_026/1.Frontal/IMG_20260904_101943.jpg,26K013022
Cilindro_026/2.Diagonal/IMG_20260904_101958.jpg,26K013022
Cilindro_026/3.Cerca/IMG_20260904_102004.jpg,26K013022
Cilindro_026/4.Lejos/IMG_20260904_102010.jpg,26K013022
Cilindro_026/5.Luz normal/IMG_20260904_102015.jpg,26K013022
Cilindro_026/6.Poca luz/IMG_20260904_102019.jpg,26K013022
Cilindro_027/1.Frontal/IMG_20260904_102919.jpg,21K073075
Cilindro_027/2.Diagonal/IMG_20260904_102944.jpg,21K073075
Cilindro_027/3.Cerca/IMG_20260904_102953.jpg,21K073075
Cilindro_027/4.Lejos/IMG_20260904_102953.jpg,21K073075
Cilindro_027/5.Luz normal/IMG_20260904_102958.jpg,21K073075
Cilindro_027/6.Poca luz/IMG_20260904_103008.jpg,21K073075
Cilindro_028/1.Frontal/IMG_20260904_103339.jpg,21K450138
Cilindro_028/2.Diagonal/IMG_20260904_103344.jpg,21K450138
Cilindro_028/3.Cerca/IMG_20260904_103352.jpg,21K450138
Cilindro_028/4.Lejos/IMG_20260904_103357.jpg,21K450138
Cilindro_028/5.Luz normal/IMG_20260904_103405.jpg,21K450138
Cilindro_028/6.Poca luz/IMG_20260904_103411.jpg,21K450138
Cilindro_029/1.Frontal/IMG_20260904_103744.jpg,H168022
Cilindro_029/2.Diagonal/IMG_20260904_103747.jpg,H168022
Cilindro_029/3.Cerca/IMG_20260904_103800.jpg,H168022
Cilindro_029/4.Lejos/IMG_20260904_103809.jpg,H168022
Cilindro_029/5.Luz normal/IMG_20260904_103821.jpg,H168022
Cilindro_029/6.Poca luz/IMG_20260904_103826.jpg,H168022
Cilindro_030/1.Frontal/IMG_20260904_104515.jpg,21K435196
Cilindro_030/2.Diagonal/IMG_20260904_104523.jpg,21K435196
Cilindro_030/3.Cerca/IMG_20260904_104527.jpg,21K435196
Cilindro_030/4.Lejos/IMG_20260904_104531.jpg,21K435196
Cilindro_030/5.Luz normal/IMG_20260904_104539.jpg,21K435196
Cilindro_030/6.Poca luz/IMG_20260904_104548.jpg,21K435196
Cilindro_031/1.Frontal/IMG_20260904_110059.jpg,21K274183
Cilindro_031/2.Diagonal/IMG_20260904_110113.jpg,21K274183
Cilindro_031/3.Cerca/IMG_20260904_110122.jpg,21K274183
Cilindro_031/4.Lejos/IMG_20260904_110127.jpg,21K274183
Cilindro_031/5.Luz normal/IMG_20260904_110145.jpg,21K274183
Cilindro_031/6.Poca luz/IMG_20260904_110154.jpg,21K274183
Cilindro_032/1.Frontal/IMG_20260904_111051.jpg,21K276065
Cilindro_032/2.Diagonal/IMG_20260904_111045.jpg,21K276065
Cilindro_032/3.Cerca/IMG_20260904_111105.jpg,21K276065
Cilindro_032/4.Lejos/IMG_20260904_111119.jpg,21K276065
Cilindro_032/5.Luz normal/IMG_20260904_111126.jpg,21K276065
Cilindro_032/6.Poca luz/IMG_20260904_111131.jpg,21K276065
Cilindro_033/1.Frontal/IMG_20260904_111507.jpg,K5738099
Cilindro_033/2.Diagonal/IMG_20260904_111519.jpg,K5738099
Cilindro_033/3.Cerca/IMG_20260904_111528.jpg,K5738099
Cilindro_033/4.Lejos/IMG_20260904_111533.jpg,K5738099
Cilindro_033/5.Luz normal/IMG_20260904_111541.jpg,K5738099
Cilindro_033/6.Poca luz/IMG_20260904_111548.jpg,K5738099
Cilindro_034/1.Frontal/IMG_20260904_111958.jpg,171392042
Cilindro_034/2.Diagonal/IMG_20260904_112009.jpg,171392042
Cilindro_034/3.Cerca/IMG_20260904_112026.jpg,171392042
Cilindro_034/4.Lejos/IMG_20260904_112035.jpg,171392042
Cilindro_034/5.Luz normal/IMG_20260904_112041.jpg,171392042
Cilindro_034/6.Poca luz/IMG_20260904_112046.jpg,171392042
Cilindro_035/1.Frontal/IMG_20260904_112415.jpg,N810598
Cilindro_035/2.Diagonal/IMG_20260904_112422.jpg,N810598
Cilindro_035/3.Cerca/IMG_20260904_112434.jpg,N810598
Cilindro_035/4.Lejos/IMG_20260904_112438.jpg,N810598
Cilindro_035/5.Luz normal/IMG_20260904_112444.jpg,N810598
Cilindro_035/6.Poca luz/IMG_20260904_112452.jpg,N810598
Cilindro_036/1.Frontal/IMG_20260904_113006.jpg,T8763088
Cilindro_036/2.Diagonal/IMG_20260904_113009.jpg,T8763088
Cilindro_036/3.Cerca/IMG_20260904_113021.jpg,T8763088
Cilindro_036/4.Lejos/IMG_20260904_113025.jpg,T8763088
Cilindro_036/5.Luz normal/IMG_20260904_113029.jpg,T8763088
Cilindro_036/6.Poca luz/IMG_20260904_113034.jpg,T8763088
Cilindro_037/1.Frontal/IMG_20260904_113510.jpg,20X169037
Cilindro_037/2.Diagonal/IMG_20260904_113515.jpg,20X169037
Cilindro_037/3.Cerca/IMG_20260904_113530.jpg,20X169037
Cilindro_037/4.Lejos/IMG_20260904_113536.jpg,20X169037
Cilindro_037/5.Luz normal/IMG_20260904_113539.jpg,20X169037
Cilindro_037/6.Poca luz/IMG_20260904_113546.jpg,20X169037
Cilindro_038/1.Frontal/IMG_20260904_113938.jpg,21K4350378
Cilindro_038/2.Diagonal/IMG_20260904_113935.jpg,21K4350378
Cilindro_038/3.Cerca/IMG_20260904_113946.jpg,21K4350378
Cilindro_038/4.Lejos/IMG_20260904_113950.jpg,21K4350378
Cilindro_038/5.Luz normal/IMG_20260904_113957.jpg,21K4350378
Cilindro_038/6.Poca luz/IMG_20260904_114005.jpg,21K4350378
Cilindro_039/1.Frontal/IMG_20260904_114347.jpg,21K437048
Cilindro_039/2.Diagonal/IMG_20260904_114356.jpg,21K437048
Cilindro_039/3.Cerca/IMG_20260904_114411.jpg,21K437048
Cilindro_039/4.Lejos/IMG_20260904_114416.jpg,21K437048
Cilindro_039/5.Luz normal/IMG_20260904_114429.jpg,21K437048
Cilindro_039/6.Poca luz/IMG_20260904_114441.jpg,21K437048
Cilindro_040/1.Frontal/IMG_20260904_114835.jpg,30692
Cilindro_040/2.Diagonal/IMG_20260904_114842.jpg,30692
Cilindro_040/3.Cerca/IMG_20260904_114901.jpg,30692
Cilindro_040/4.Lejos/IMG_20260904_114913.jpg,30692
Cilindro_040/5.Luz normal/IMG_20260904_114917.jpg,30692
Cilindro_040/6.Poca luz/IMG_20260904_114928.jpg,30692
Cilindro_041/1.Frontal/IMG_20260904_115353.jpg,20K623055
Cilindro_041/2.Diagonal/IMG_20260904_115356.jpg,20K623055
Cilindro_041/3.Cerca/IMG_20260904_115408.jpg,20K623055
Cilindro_041/4.Lejos/IMG_20260904_115418.jpg,20K623055
Cilindro_041/5.Luz normal/IMG_20260904_115427.jpg,20K623055
Cilindro_041/6.Poca luz/IMG_20260904_115442.jpg,20K623055
Cilindro_042/1.Frontal/IMG_20260904_115825.jpg,21K437086
Cilindro_042/2.Diagonal/IMG_20260904_115833.jpg,21K437086
Cilindro_042/3.Cerca/IMG_20260904_115848.jpg,21K437086
Cilindro_042/4.Lejos/IMG_20260904_115925.jpg,21K437086
Cilindro_042/5.Luz normal/IMG_20260904_115939.jpg,21K437086
Cilindro_042/6.Poca luz/IMG_20260904_115947.jpg,21K437086
Cilindro_043/1.Frontal/IMG_20260904_120321.jpg,4028741Y
Cilindro_043/2.Diagonal/IMG_20260904_120330.jpg,4028741Y
Cilindro_043/3.Cerca/IMG_20260904_120353.jpg,4028741Y
Cilindro_043/4.Lejos/IMG_20260904_120410.jpg,4028741Y
Cilindro_043/5.Luz normal/IMG_20260904_120416.jpg,4028741Y
Cilindro_043/6.Poca luz/IMG_20260904_120420.jpg,4028741Y
Cilindro_044/1.Frontal/IMG_20260904_120731.jpg,21K435193
Cilindro_044/2.Diagonal/IMG_20260904_120734.jpg,21K435193
Cilindro_044/3.Cerca/IMG_20260904_120744.jpg,21K435193
Cilindro_044/4.Lejos/IMG_20260904_120755.jpg,21K435193
Cilindro_044/5.Luz normal/IMG_20260904_120800.jpg,21K435193
Cilindro_044/6.Poca luz/IMG_20260904_120805.jpg,21K435193
Cilindro_045/1.Frontal/IMG_20260904_121104.jpg,21K438033
Cilindro_045/2.Diagonal/IMG_20260904_121107.jpg,21K438033
Cilindro_045/3.Cerca/IMG_20260904_121117.jpg,21K438033
Cilindro_045/4.Lejos/IMG_20260904_121124.jpg,21K438033
Cilindro_045/5.Luz normal/IMG_20260904_121131.jpg,21K438033
Cilindro_045/6.Poca luz/IMG_20260904_121138.jpg,21K438033
Cilindro_046/1.Frontal/IMG_20260904_121501.jpg,K5732180
Cilindro_046/2.Diagonal/IMG_20260904_121504.jpg,K5732180
Cilindro_046/3.Cerca/IMG_20260904_121512.jpg,K5732180
Cilindro_046/4.Lejos/IMG_20260904_121519.jpg,K5732180
Cilindro_046/5.Luz normal/IMG_20260904_121524.jpg,K5732180
Cilindro_046/6.Poca luz/IMG_20260904_121529.jpg,K5732180
Cilindro_047/1.Frontal/IMG_20260904_121814.jpg,K5738029
Cilindro_047/2.Diagonal/IMG_20260904_121817.jpg,K5738029
Cilindro_047/3.Cerca/IMG_20260904_121826.jpg,K5738029
Cilindro_047/4.Lejos/IMG_20260904_121833.jpg,K5738029
Cilindro_047/5.Luz normal/IMG_20260904_121845.jpg,K5738029
Cilindro_047/6.Poca luz/IMG_20260904_121850.jpg,K5738029
Cilindro_048/1.Frontal/IMG_20260904_122159.jpg,K5738184
Cilindro_048/2.Diagonal/IMG_20260904_122204.jpg,K5738184
Cilindro_048/3.Cerca/IMG_20260904_122213.jpg,K5738184
Cilindro_048/4.Lejos/IMG_20260904_122220.jpg,K5738184
Cilindro_048/5.Luz normal/IMG_20260904_122226.jpg,K5738184
Cilindro_048/6.Poca luz/IMG_20260904_122232.jpg,K5738184
Cilindro_049/1.Frontal/IMG_20260904_123113.jpg,K5738197
Cilindro_049/2.Diagonal/IMG_20260904_123117.jpg,K5738197
Cilindro_049/3.Cerca/IMG_20260904_123131.jpg,K5738197
Cilindro_049/4.Lejos/IMG_20260904_123139.jpg,K5738197
Cilindro_049/5.Luz normal/IMG_20260904_123152.jpg,K5738197
Cilindro_049/6.Poca luz/IMG_20260904_123203.jpg,K5738197
Cilindro_050/1.Frontal/IMG_20260904_123525.jpg,K5738028
Cilindro_050/2.Diagonal/IMG_20260904_123529.jpg,K5738028
Cilindro_050/3.Cerca/IMG_20260904_123549.jpg,K5738028
Cilindro_050/4.Lejos/IMG_20260904_123556.jpg,K5738028
Cilindro_050/5.Luz normal/IMG_20260904_123603.jpg,K5738028
Cilindro_050/6.Poca luz/IMG_20260904_123607.jpg,K5738028
Cilindro_051/1.Frontal/IMG_20260904_124056.jpg,K5738166
Cilindro_051/2.Diagonal/IMG_20260904_124104.jpg,K5738166
Cilindro_051/3.Cerca/IMG_20260904_124126.jpg,K5738166
Cilindro_051/4.Lejos/IMG_20260904_124135.jpg,K5738166
Cilindro_051/5.Luz normal/IMG_20260904_124143.jpg,K5738166
Cilindro_051/6.Poca luz/IMG_20260904_124148.jpg,K5738166
Cilindro_052/1.Frontal/IMG_20260904_124718.jpg,20S296187
Cilindro_052/2.Diagonal/IMG_20260904_124721.jpg,20S296187
Cilindro_052/3.Cerca/IMG_20260904_124729.jpg,20S296187
Cilindro_052/4.Lejos/IMG_20260904_124732.jpg,20S296187
Cilindro_052/5.Luz normal/IMG_20260904_124735.jpg,20S296187
Cilindro_052/6.Poca luz/IMG_20260904_124739.jpg,20S296187
Cilindro_053/1.Frontal/IMG_20260904_130942.jpg,K5738166
Cilindro_053/2.Diagonal/IMG_20260904_130945.jpg,K5738166
Cilindro_053/3.Cerca/IMG_20260904_130958.jpg,K5738166
Cilindro_053/4.Lejos/IMG_20260904_131004.jpg,K5738166
Cilindro_053/5.Luz normal/IMG_20260904_131009.jpg,K5738166
Cilindro_053/6.Poca luz/IMG_20260904_131019.jpg,K5738166
Cilindro_054/1.Frontal/IMG_20260904_131443.jpg,K5732107
Cilindro_054/2.Diagonal/IMG_20260904_131448.jpg,K5732107
Cilindro_054/3.Cerca/IMG_20260904_131458.jpg,K5732107
Cilindro_054/4.Lejos/IMG_20260904_131507.jpg,K5732107
Cilindro_054/5.Luz normal/IMG_20260904_131514.jpg,K5732107
Cilindro_054/6.Poca luz/IMG_20260904_131520.jpg,K5732107
Cilindro_055/1.Frontal/IMG_20260904_132507.jpg,21K485019
Cilindro_055/2.Diagonal/IMG_20260904_132512.jpg,21K485019
Cilindro_055/3.Cerca/IMG_20260904_132519.jpg,21K485019
Cilindro_055/4.Lejos/IMG_20260904_132527.jpg,21K485019
Cilindro_055/5.Luz normal/IMG_20260904_132539.jpg,21K485019
Cilindro_055/6.Poca luz/IMG_20260904_132544.jpg,21K485019
Cilindro_056/1.Frontal/IMG_20260904_133113.jpg,21K275121
Cilindro_056/2.Diagonal/IMG_20260904_133119.jpg,21K275121
Cilindro_056/3.Cerca/IMG_20260904_133126.jpg,21K275121
Cilindro_056/4.Lejos/IMG_20260904_133132.jpg,21K275121
Cilindro_056/5.Luz normal/IMG_20260904_133138.jpg,21K275121
Cilindro_056/6.Poca luz/IMG_20260904_133144.jpg,21K275121
Cilindro_057/1.Frontal/IMG_20260904_133622.jpg,001087
Cilindro_057/2.Diagonal/IMG_20260904_133628.jpg,001087
Cilindro_057/3.Cerca/IMG_20260904_133636.jpg,001087
Cilindro_057/4.Lejos/IMG_20260904_133647.jpg,001087
Cilindro_057/5.Luz normal/IMG_20260904_133655.jpg,001087
Cilindro_057/6.Poca luz/IMG_20260904_133659.jpg,001087
Cilindro_058/1.Frontal/IMG_20260904_134439.jpg,001029
Cilindro_058/2.Diagonal/IMG_20260904_134443.jpg,001029
Cilindro_058/3.Cerca/IMG_20260904_134451.jpg,001029
Cilindro_058/4.Lejos/IMG_20260904_134457.jpg,001029
Cilindro_058/5.Luz normal/IMG_20260904_134504.jpg,001029
Cilindro_058/6.Poca luz/IMG_20260904_134508.jpg,001029
Cilindro_059/1.Frontal/IMG_20260904_135450.jpg,21K437127
Cilindro_059/2.Diagonal/IMG_20260904_135455.jpg,21K437127
Cilindro_059/3.Cerca/IMG_20260904_135501.jpg,21K437127
Cilindro_059/4.Lejos/IMG_20260904_135505.jpg,21K437127
Cilindro_059/5.Luz normal/IMG_20260904_135509.jpg,21K437127
Cilindro_059/6.Poca luz/IMG_20260904_135514.jpg,21K437127
Cilindro_060/1.Frontal/IMG_20260904_135926.jpg,6654614Y
Cilindro_060/2.Diagonal/IMG_20260904_135931.jpg,6654614Y
Cilindro_060/3.Cerca/IMG_20260904_135946.jpg,6654614Y
Cilindro_060/4.Lejos/IMG_20260904_135952.jpg,6654614Y
Cilindro_060/5.Luz normal/IMG_20260904_135957.jpg,6654614Y
Cilindro_060/6.Poca luz/IMG_20260904_140004.jpg,6654614Y
Cilindro_061/1.Frontal/IMG_20260904_140419.jpg,P364118
Cilindro_061/2.Diagonal/IMG_20260904_140423.jpg,P364118
Cilindro_061/3.Cerca/IMG_20260904_140429.jpg,P364118
Cilindro_061/4.Lejos/IMG_20260904_140435.jpg,P364118
Cilindro_061/5.Luz normal/IMG_20260904_140442.jpg,P364118
Cilindro_061/6.Poca luz/IMG_20260904_140445.jpg,P364118
Cilindro_062/1.Frontal/IMG_20260904_140856.jpg,20K622141
Cilindro_062/2.Diagonal/IMG_20260904_140902.jpg,20K622141
Cilindro_062/3.Cerca/IMG_20260904_140921.jpg,20K622141
Cilindro_062/4.Lejos/IMG_20260904_140932.jpg,20K622141
Cilindro_062/5.Luz normal/IMG_20260904_140940.jpg,20K622141
Cilindro_062/6.Poca luz/IMG_20260904_140948.jpg,20K622141
Cilindro_063/1.Frontal/IMG_20260904_141339.jpg,N987826
Cilindro_063/2.Diagonal/IMG_20260904_141352.jpg,N987826
Cilindro_063/3.Cerca/IMG_20260904_141402.jpg,N987826
Cilindro_063/4.Lejos/IMG_20260904_141408.jpg,N987826
Cilindro_063/5.Luz normal/IMG_20260904_141418.jpg,N987826
Cilindro_063/6.Poca luz/IMG_20260904_141424.jpg,N987826
Cilindro_064/1.Frontal/IMG_20260904_141920.jpg,6664005Y
Cilindro_064/2.Diagonal/IMG_20260904_141924.jpg,6664005Y
Cilindro_064/3.Cerca/IMG_20260904_141930.jpg,6664005Y
Cilindro_064/4.Lejos/IMG_20260904_141936.jpg,6664005Y
Cilindro_064/5.Luz normal/IMG_20260904_141940.jpg,6664005Y
Cilindro_064/6.Poca luz/IMG_20260904_141944.jpg,6664005Y
Cilindro_065/1.Frontal/IMG_20260904_160421.jpg,42705
Cilindro_065/2.Diagonal/IMG_20260904_160440.jpg,42705
Cilindro_065/3.Cerca/IMG_20260904_160452.jpg,42705
Cilindro_065/4.Lejos/IMG_20260904_160506.jpg,42705
Cilindro_065/5.Luz normal/IMG_20260904_160513.jpg,42705
Cilindro_065/6.Poca luz/IMG_20260904_160517.jpg,42705
Cilindro_066/1.Frontal/IMG_20260904_161045.jpg,85343
Cilindro_066/2.Diagonal/IMG_20260904_161051.jpg,85343
Cilindro_066/3.Cerca/IMG_20260904_161100.jpg,85343
Cilindro_066/4.Lejos/IMG_20260904_161111.jpg,85343
Cilindro_066/5.Luz normal/IMG_20260904_161118.jpg,85343
Cilindro_066/6.Poca luz/IMG_20260904_161124.jpg,85343
Cilindro_067/1.Frontal/IMG_20260904_162018.jpg,26K010018
Cilindro_067/2.Diagonal/IMG_20260904_162024.jpg,26K010018
Cilindro_067/3.Cerca/IMG_20260904_162112.jpg,26K010018
Cilindro_067/4.Lejos/IMG_20260904_162117.jpg,26K010018
Cilindro_067/5.Luz normal/IMG_20260904_162124.jpg,26K010018
Cilindro_067/6.Poca luz/IMG_20260904_162129.jpg,26K010018
Cilindro_068/1.Frontal/IMG_20260904_162710.jpg,26K010064
Cilindro_068/2.Diagonal/IMG_20260904_162717.jpg,26K010064
Cilindro_068/3.Cerca/IMG_20260904_162728.jpg,26K010064
Cilindro_068/4.Lejos/IMG_20260904_162741.jpg,26K010064
Cilindro_068/5.Luz normal/IMG_20260904_162746.jpg,26K010064
Cilindro_068/6.Poca luz/IMG_20260904_162750.jpg,26K010064
Cilindro_069/1.Frontal/IMG_20260904_163201.jpg,26K011018
Cilindro_069/2.Diagonal/IMG_20260904_163207.jpg,26K011018
Cilindro_069/3.Cerca/IMG_20260904_163240.jpg,26K011018
Cilindro_069/4.Lejos/IMG_20260904_163246.jpg,26K011018
Cilindro_069/5.Luz normal/IMG_20260904_163250.jpg,26K011018
Cilindro_069/6.Poca luz/IMG_20260904_163259.jpg,26K011018
Cilindro_070/1.Frontal/IMG_20260904_163816.jpg,26K011013
Cilindro_070/2.Diagonal/IMG_20260904_163819.jpg,26K011013
Cilindro_070/3.Cerca/IMG_20260904_163828.jpg,26K011013
Cilindro_070/4.Lejos/IMG_20260904_163837.jpg,26K011013
Cilindro_070/5.Luz normal/IMG_20260904_163843.jpg,26K011013
Cilindro_070/6.Poca luz/IMG_20260904_163848.jpg,26K011013
Cilindro_071/1.Frontal/IMG_20260904_164755.jpg,K5738032
Cilindro_071/2.Diagonal/IMG_20260904_164806.jpg,K5738032
Cilindro_071/3.Cerca/IMG_20260904_164816.jpg,K5738032
Cilindro_071/4.Lejos/IMG_20260904_164829.jpg,K5738032
Cilindro_071/5.Luz normal/IMG_20260904_164837.jpg,K5738032
Cilindro_071/6.Poca luz/IMG_20260904_164842.jpg,K5738032
Cilindro_072/1.Frontal/IMG_20260904_165205.jpg,K5732191
Cilindro_072/2.Diagonal/IMG_20260904_165212.jpg,K5732191
Cilindro_072/3.Cerca/IMG_20260904_165217.jpg,K5732191
Cilindro_072/4.Lejos/IMG_20260904_165224.jpg,K5732191
Cilindro_072/5.Luz normal/IMG_20260904_165229.jpg,K5732191
Cilindro_072/6.Poca luz/IMG_20260904_165232.jpg,K5732191
Cilindro_073/1.Frontal/IMG_20260904_165524.jpg,K5738005
Cilindro_073/2.Diagonal/IMG_20260904_165529.jpg,K5738005
Cilindro_073/3.Cerca/IMG_20260904_165542.jpg,K5738005
Cilindro_073/4.Lejos/IMG_20260904_165552.jpg,K5738005
Cilindro_073/5.Luz normal/IMG_20260904_165558.jpg,K5738005
Cilindro_073/6.Poca luz/IMG_20260904_165602.jpg,K5738005
Cilindro_074/1.Frontal/IMG_20260904_165904.jpg,K5732157
Cilindro_074/2.Diagonal/IMG_20260904_165921.jpg,K5732157
Cilindro_074/3.Cerca/IMG_20260904_165928.jpg,K5732157
Cilindro_074/4.Lejos/IMG_20260904_165934.jpg,K5732157
Cilindro_074/5.Luz normal/IMG_20260904_165940.jpg,K5732157
Cilindro_074/6.Poca luz/IMG_20260904_165943.jpg,K5732157
Cilindro_075/1.Frontal/IMG_20260904_170250.jpg,K5732147
Cilindro_075/2.Diagonal/IMG_20260904_170254.jpg,K5732147
Cilindro_075/3.Cerca/IMG_20260904_170309.jpg,K5732147
Cilindro_075/4.Lejos/IMG_20260904_170317.jpg,K5732147
Cilindro_075/5.Luz normal/IMG_20260904_170323.jpg,K5732147
Cilindro_075/6.Poca luz/IMG_20260904_170330.jpg,K5732147
Cilindro_076/1.Frontal/IMG_20260904_170843.jpg,K5738009
Cilindro_076/2.Diagonal/IMG_20260904_170847.jpg,K5738009
Cilindro_076/3.Cerca/IMG_20260904_170855.jpg,K5738009
Cilindro_076/4.Lejos/IMG_20260904_170901.jpg,K5738009
Cilindro_076/5.Luz normal/IMG_20260904_170905.jpg,K5738009
Cilindro_076/6.Poca luz/IMG_20260904_170909.jpg,K5738009
Cilindro_077/1.Frontal/IMG_20260904_171526.jpg,612825
Cilindro_077/2.Diagonal/IMG_20260904_171544.jpg,612825
Cilindro_077/3.Cerca/IMG_20260904_171558.jpg,612825
Cilindro_077/4.Lejos/IMG_20260904_171608.jpg,612825
Cilindro_077/5.Luz normal/IMG_20260904_171613.jpg,612825
Cilindro_077/6.Poca luz/IMG_20260904_171619.jpg,612825
Cilindro_078/1.Frontal/IMG_20260904_172653.jpg,673165
Cilindro_078/2.Diagonal/IMG_20260904_172658.jpg,673165
Cilindro_078/3.Cerca/IMG_20260904_172705.jpg,673165
Cilindro_078/4.Lejos/IMG_20260904_172714.jpg,673165
Cilindro_078/5.Luz normal/IMG_20260904_172719.jpg,673165
Cilindro_078/6.Poca luz/IMG_20260904_172728.jpg,673165
Cilindro_079/1.Frontal/IMG_20260904_173154.jpg,E221003100
Cilindro_079/2.Diagonal/IMG_20260904_173201.jpg,E221003100
Cilindro_079/3.Cerca/IMG_20260904_173208.jpg,E221003100
Cilindro_079/4.Lejos/IMG_20260904_173216.jpg,E221003100
Cilindro_079/5.Luz normal/IMG_20260904_173220.jpg,E221003100
Cilindro_079/6.Poca luz/IMG_20260904_173225.jpg,E221003100
Cilindro_080/1.Frontal/IMG_20260904_174254.jpg,610782
Cilindro_080/2.Diagonal/IMG_20260904_174300.jpg,610782
Cilindro_080/3.Cerca/IMG_20260904_174306.jpg,610782
Cilindro_080/4.Lejos/IMG_20260904_174312.jpg,610782
Cilindro_080/5.Luz normal/IMG_20260904_174319.jpg,610782
Cilindro_080/6.Poca luz/IMG_20260904_174331.jpg,610782
Cilindro_081/1.Frontal/IMG_20260904_175005.jpg,804
Cilindro_081/2.Diagonal/IMG_20260904_175009.jpg,804
Cilindro_081/3.Cerca/IMG_20260904_175035.jpg,804
Cilindro_081/4.Lejos/IMG_20260904_175041.jpg,804
Cilindro_081/5.Luz normal/IMG_20260904_175046.jpg,804
Cilindro_081/6.Poca luz/IMG_20260904_175051.jpg,804
Cilindro_082/1.Frontal/IMG_20260904_175604.jpg,610747
Cilindro_082/2.Diagonal/IMG_20260904_175610.jpg,610747
Cilindro_082/3.Cerca/IMG_20260904_175616.jpg,610747
Cilindro_082/4.Lejos/IMG_20260904_175622.jpg,610747
Cilindro_082/5.Luz normal/IMG_20260904_175628.jpg,610747
Cilindro_082/6.Poca luz/IMG_20260904_175641.jpg,610747
Cilindro_083/1.Frontal/IMG_20260904_180154.jpg,P30176
Cilindro_083/2.Diagonal/IMG_20260904_180159.jpg,P30176
Cilindro_083/3.Cerca/IMG_20260904_180206.jpg,P30176
Cilindro_083/4.Lejos/IMG_20260904_180213.jpg,P30176
Cilindro_083/5.Luz normal/IMG_20260904_180221.jpg,P30176
Cilindro_083/6.Poca luz/IMG_20260904_180227.jpg,P30176
Cilindro_084/1.Frontal/IMG_20260912_100331.jpg,21K540179
Cilindro_084/2.Diagonal/IMG_20260912_100341.jpg,21K540179
Cilindro_084/3.Cerca/IMG_20260912_100353.jpg,21K540179
Cilindro_084/4.Lejos/IMG_20260912_100402.jpg,21K540179
Cilindro_084/5.Luz normal/IMG_20260912_100419.jpg,21K540179
Cilindro_084/6.Poca luz/IMG_20260912_100425.jpg,21K540179
Cilindro_085/1.Frontal/IMG_20260912_100941.jpg,K5738092
Cilindro_085/2.Diagonal/IMG_20260912_100947.jpg,K5738092
Cilindro_085/3.Cerca/IMG_20260912_100955.jpg,K5738092
Cilindro_085/4.Lejos/IMG_20260912_101002.jpg,K5738092
Cilindro_085/5.Luz normal/IMG_20260912_101006.jpg,K5738092
Cilindro_085/6.Poca luz/IMG_20260912_101010.jpg,K5738092
Cilindro_086/1.Frontal/IMG_20260912_101424.jpg,K5732103
Cilindro_086/2.Diagonal/IMG_20260912_101429.jpg,K5732103
Cilindro_086/3.Cerca/IMG_20260912_101436.jpg,K5732103
Cilindro_086/4.Lejos/IMG_20260912_101443.jpg,K5732103
Cilindro_086/5.Luz normal/IMG_20260912_101445.jpg,K5732103
Cilindro_086/6.Poca luz/IMG_20260912_101449.jpg,K5732103
Cilindro_087/1.Frontal/IMG_20260912_101821.jpg,K5732189
Cilindro_087/2.Diagonal/IMG_20260912_101824.jpg,K5732189
Cilindro_087/3.Cerca/IMG_20260912_101831.jpg,K5732189
Cilindro_087/4.Lejos/IMG_20260912_101835.jpg,K5732189
Cilindro_087/5.Luz normal/IMG_20260912_101841.jpg,K5732189
Cilindro_087/6.Poca luz/IMG_20260912_101844.jpg,K5732189
Cilindro_088/1.Frontal/IMG_20260912_102217.jpg,K5732188
Cilindro_088/2.Diagonal/IMG_20260912_102223.jpg,K5732188
Cilindro_088/3.Cerca/IMG_20260912_102229.jpg,K5732188
Cilindro_088/4.Lejos/IMG_20260912_102234.jpg,K5732188
Cilindro_088/5.Luz normal/IMG_20260912_102237.jpg,K5732188
Cilindro_088/6.Poca luz/IMG_20260912_102240.jpg,K5732188
Cilindro_089/1.Frontal/IMG_20260912_102741.jpg,K5738174
Cilindro_089/2.Diagonal/IMG_20260912_102750.jpg,K5738174
Cilindro_089/3.Cerca/IMG_20260912_102757.jpg,K5738174
Cilindro_089/4.Lejos/IMG_20260912_102806.jpg,K5738174
Cilindro_089/5.Luz normal/IMG_20260912_102812.jpg,K5738174
Cilindro_089/6.Poca luz/IMG_20260912_102817.jpg,K5738174
Cilindro_090/1.Frontal/IMG_20260912_104200.jpg,K5738003
Cilindro_090/2.Diagonal/IMG_20260912_104205.jpg,K5738003
Cilindro_090/3.Cerca/IMG_20260912_104214.jpg,K5738003
Cilindro_090/4.Lejos/IMG_20260912_104223.jpg,K5738003
Cilindro_090/5.Luz normal/IMG_20260912_104227.jpg,K5738003
Cilindro_090/6.Poca luz/IMG_20260912_104233.jpg,K5738003
Cilindro_091/1.Frontal/IMG_20260912_105837.jpg,K5738132
Cilindro_091/2.Diagonal/IMG_20260912_105847.jpg,K5738132
Cilindro_091/3.Cerca/IMG_20260912_105905.jpg,K5738132
Cilindro_091/4.Lejos/IMG_20260912_105915.jpg,K5738132
Cilindro_091/5.Luz normal/IMG_20260912_105922.jpg,K5738132
Cilindro_091/6.Poca luz/IMG_20260912_105930.jpg,K5738132
Cilindro_092/1.Frontal/IMG_20260912_110510.jpg,K5738022
Cilindro_092/2.Diagonal/IMG_20260912_110518.jpg,K5738022
Cilindro_092/3.Cerca/IMG_20260912_110525.jpg,K5738022
Cilindro_092/4.Lejos/IMG_20260912_110533.jpg,K5738022
Cilindro_092/5.Luz normal/IMG_20260912_110539.jpg,K5738022
Cilindro_092/6.Poca luz/IMG_20260912_110544.jpg,K5738022
Cilindro_093/1.Frontal/IMG_20260912_110910.jpg,K5738060
Cilindro_093/2.Diagonal/IMG_20260912_110915.jpg,K5738060
Cilindro_093/3.Cerca/IMG_20260912_110923.jpg,K5738060
Cilindro_093/4.Lejos/IMG_20260912_110941.jpg,K5738060
Cilindro_093/5.Luz normal/IMG_20260912_110946.jpg,K5738060
Cilindro_093/6.Poca luz/IMG_20260912_110950.jpg,K5738060
Cilindro_094/1.Frontal/IMG_20260912_111422.jpg,K5738012
Cilindro_094/2.Diagonal/IMG_20260912_111450.jpg,K5738012
Cilindro_094/3.Cerca/IMG_20260912_111503.jpg,K5738012
Cilindro_094/4.Lejos/IMG_20260912_111514.jpg,K5738012
Cilindro_094/5.Luz normal/IMG_20260912_111524.jpg,K5738012
Cilindro_094/6.Poca luz/IMG_20260912_111530.jpg,K5738012
Cilindro_095/1.Frontal/IMG_20260912_112746.jpg,K5738144
Cilindro_095/2.Diagonal/IMG_20260912_112755.jpg,K5738144
Cilindro_095/3.Cerca/IMG_20260912_112807.jpg,K5738144
Cilindro_095/4.Lejos/IMG_20260912_112818.jpg,K5738144
Cilindro_095/5.Luz normal/IMG_20260912_112824.jpg,K5738144
Cilindro_095/6.Poca luz/IMG_20260912_112828.jpg,K5738144
Cilindro_096/1.Frontal/IMG_20260912_114150.jpg,K5732198
Cilindro_096/2.Diagonal/IMG_20260912_114155.jpg,K5732198
Cilindro_096/3.Cerca/IMG_20260912_114202.jpg,K5732198
Cilindro_096/4.Lejos/IMG_20260912_114210.jpg,K5732198
Cilindro_096/5.Luz normal/IMG_20260912_114214.jpg,K5732198
Cilindro_096/6.Poca luz/IMG_20260912_114220.jpg,K5732198
Cilindro_097/1.Frontal/IMG_20260912_114640.jpg,K5738035
Cilindro_097/2.Diagonal/IMG_20260912_114643.jpg,K5738035
Cilindro_097/3.Cerca/IMG_20260912_114657.jpg,K5738035
Cilindro_097/4.Lejos/IMG_20260912_114707.jpg,K5738035
Cilindro_097/5.Luz normal/IMG_20260912_114713.jpg,K5738035
Cilindro_097/6.Poca luz/IMG_20260912_114720.jpg,K5738035
Cilindro_098/1.Frontal/IMG_20260912_115049.jpg,21K540116
Cilindro_098/2.Diagonal/IMG_20260912_115057.jpg,21K540116
Cilindro_098/3.Cerca/IMG_20260912_115107.jpg,21K540116
Cilindro_098/4.Lejos/IMG_20260912_115115.jpg,21K540116
Cilindro_098/5.Luz normal/IMG_20260912_115123.jpg,21K540116
Cilindro_098/6.Poca luz/IMG_20260912_115128.jpg,21K540116
Cilindro_099/1.Frontal/IMG_20260912_120200.jpg,K5732156
Cilindro_099/2.Diagonal/IMG_20260912_120208.jpg,K5732156
Cilindro_099/3.Cerca/IMG_20260912_120224.jpg,K5732156
Cilindro_099/4.Lejos/IMG_20260912_120243.jpg,K5732156
Cilindro_099/5.Luz normal/IMG_20260912_120253.jpg,K5732156
Cilindro_099/6.Poca luz/IMG_20260912_120258.jpg,K5732156
Cilindro_100/1.Frontal/IMG_20260912_120801.jpg,K5732121
Cilindro_100/2.Diagonal/IMG_20260912_120813.jpg,K5732121
Cilindro_100/3.Cerca/IMG_20260912_120822.jpg,K5732121
Cilindro_100/4.Lejos/IMG_20260912_120832.jpg,K5732121
Cilindro_100/5.Luz normal/IMG_20260912_120836.jpg,K5732121
Cilindro_100/6.Poca luz/IMG_20260912_120846.jpg,K5732121
